QBUZZ	1	Ringlijn Alphen a/d Rijn	https://busboekje.ovinnederland.nl/kaart/QBUZZ:z071
QBUZZ	2	Ringlijn Alphen a/d Rijn	https://busboekje.ovinnederland.nl/kaart/QBUZZ:z072
QBUZZ	2	Leiden: De Vink - Oranjewijk	https://busboekje.ovinnederland.nl/kaart/QBUZZ:z092
QBUZZ	3	Leiden: Merenwijk - Leyhof	https://busboekje.ovinnederland.nl/kaart/QBUZZ:z093
QBUZZ	4	Leiden: Merenwijk - De Vink	https://busboekje.ovinnederland.nl/kaart/QBUZZ:z094
QBUZZ	5	Leiden: Leiden - Voorschoten	https://busboekje.ovinnederland.nl/kaart/QBUZZ:z095
QBUZZ	20	Noordwijk - Leiden	https://busboekje.ovinnederland.nl/kaart/QBUZZ:z020
QBUZZ	21	Noordwijk - Leiden	https://busboekje.ovinnederland.nl/kaart/QBUZZ:z021
QBUZZ	22	Nieuw-Vennep - Hillegom - Noordwijk - Leiden	https://busboekje.ovinnederland.nl/kaart/QBUZZ:z022
QBUZZ	23	Noordwijk - Leiden	https://busboekje.ovinnederland.nl/kaart/QBUZZ:z023
QBUZZ	31	Katwijk - Rijnsburg - Leiden	https://busboekje.ovinnederland.nl/kaart/QBUZZ:z031
QBUZZ	50	Lisse - Warmond - Leiden	https://busboekje.ovinnederland.nl/kaart/QBUZZ:z050
QBUZZ	54	Voorhout - Leiden - De Vink	https://busboekje.ovinnederland.nl/kaart/QBUZZ:z054
QBUZZ	56	Sassenheim - Leiden- Roelofarendsveen	https://busboekje.ovinnederland.nl/kaart/QBUZZ:z056
QBUZZ	90	Sassenheim - Noordwijkerhout - Wassenaar	https://busboekje.ovinnederland.nl/kaart/QBUZZ:z090
QBUZZ	147	Alphen a/d Rijn - Uithoorn	https://busboekje.ovinnederland.nl/kaart/QBUZZ:z147
QBUZZ	165	Zoetermeer - Alphen a/d Rijn	https://busboekje.ovinnederland.nl/kaart/QBUZZ:z165
QBUZZ	169	Alphen a/d Rijn - Leiden	https://busboekje.ovinnederland.nl/kaart/QBUZZ:z169
QBUZZ	182	Alphen a/d Rijn - Leiden	https://busboekje.ovinnederland.nl/kaart/QBUZZ:z182
QBUZZ	187	Boskoop - Leiden	https://busboekje.ovinnederland.nl/kaart/QBUZZ:z187
QBUZZ	250	Haarlem - Hillegom - Lisse - Leiden	https://busboekje.ovinnederland.nl/kaart/QBUZZ:z250
QBUZZ	361	Noordwijk - Sassenheim - Lisse - Schiphol	https://busboekje.ovinnederland.nl/kaart/QBUZZ:z361
QBUZZ	365	Leiden - Schiphol	https://busboekje.ovinnederland.nl/kaart/QBUZZ:z365
QBUZZ	366	Leiden - Leimuiden	https://busboekje.ovinnederland.nl/kaart/QBUZZ:z366
QBUZZ	385	Noordwijk - Katwijk - Den Haag	https://busboekje.ovinnederland.nl/kaart/QBUZZ:z385
QBUZZ	400	Katwijk ESA/ESTEC - Zoetermeer	https://busboekje.ovinnederland.nl/kaart/QBUZZ:z400
QBUZZ	401	Katwijk-Centrum - Zoetermeer	https://busboekje.ovinnederland.nl/kaart/QBUZZ:z401
QBUZZ	410	Leiderdorp - Leiden	https://busboekje.ovinnederland.nl/kaart/QBUZZ:z410
QBUZZ	470	Alphen a/d Rijn - Schiphol	https://busboekje.ovinnederland.nl/kaart/QBUZZ:z470
EBS	43	Den Haag Centraal via Wassenaar - Leiden Centraal	https://busboekje.ovinnederland.nl/kaart/EBS:3043
EBS	44	Den Haag Centraal - Wassenaar	https://busboekje.ovinnederland.nl/kaart/EBS:3044
EBS	45	Den Haag Centraal via Leidschendam - Leiden	https://busboekje.ovinnederland.nl/kaart/EBS:3045
EBS	46	Den Haag Centraal via Voorschoten - Wassenaar	https://busboekje.ovinnederland.nl/kaart/EBS:3046
